variable,max_absolute_pairwise_correlation
depth_tilde,0.12209837016491
rv_tilde,0.157157348225484
abs_ofi_tilde,0.31037359281173
number_of_trades,0.514580379566051
trade_volume,0.514580379566051
