variable,N,missing,mean,sd,min,p0_1,p1,p5,p25,median,p75,p95,p99,p99_9,max,skewness,kurtosis,excess_kurtosis
depth_tilde,955110,0,5.91798368347866e-20,1.24881091550554,-6.14940367123695,-4.40228689613108,-3.10894789451152,-2.01963786172572,-0.782483227851074,-0.00856708301540188,0.768340819003941,2.06753661182731,3.16128397534389,4.49414685409395,6.617782141416,0.0463474834675874,3.73711244632303,0.737112446323025
rv_tilde,955110,0,3.0774307949471e-17,0.999191388364746,-20.7370313880758,-8.93577611446173,-2.66606289712375,-1.47766221451916,-0.40052017899062,0.0836786822163038,0.477510166948929,1.36964950835745,2.13892830660503,3.12485795040294,5.48558945768034,-3.06968630382584,36.9747381223946,33.9747381223946
abs_ofi_tilde,955110,0,1.29893172684437e-17,0.999191388364746,-0.826758440682536,-0.733343997551844,-0.651822081921532,-0.561746626923869,-0.387840505316829,-0.227395210659369,0.00403682098761259,1.26053018097154,3.96442127843979,12.1932966882115,24.6972550541639,8.21672494579824,112.557856792509,109.557856792509
open_dummy,955110,0,0.0457643622200584,0.208973756948485,0,0,0,0,0,0,0,0,1,1,1,4.34729383084483,19.8989813449353,16.8989813449353
close_dummy,955110,0,0.0584225900681597,0.234540931678824,0,0,0,0,0,0,0,1,1,1,1,3.76545743584798,15.1786824522645,12.1786824522645
