variable,test_sample_n,adf_statistic,adf_p_value,kpss_statistic,kpss_p_value
r_t_winsorized,50000,-37.779438108464,0.01,0.121009630727169,0.1
spread_tilde,50000,-25.0372257261009,0.01,0.12394686843972,0.1
ofi_depth_scaled,50000,-36.677554293513,0.01,0.0786839897615137,0.1
abs_ofi_tilde,50000,-25.8305623888368,0.01,0.355006988866973,0.0965487116952705
depth_tilde,50000,-30.0478101356372,0.01,0.134328230147242,0.1
rv_tilde,50000,-20.1269291053234,0.01,0.417440802819753,0.0696375849914859
