average_max_posterior,share_max_posterior_below_070,share_max_posterior_below_080
0.879481808570592,0.150716671378166,0.245852310205107
