start,logLik,iterations,convergence
1,-3094155.39530226,71,0
2,-3094155.53955638,71,0
3,-3094155.32751098,71,0
4,-3094155.44176108,71,0
