metric,spread_return
covariance,0.0152792040009774
correlation,0.00586217183017931
